"EntrezGene","Symbol","Associated Motif","Description","#of peaks"
"12394","Runx1","JASPAR_motif:MA0002.2","runt related transcription factor 1","6"
"21418","Tfap2a","JASPAR_motif:MA0003.1","transcription factor AP-2, alpha","12"
"11622","Ahr","JASPAR_motif:MA0006.1","aryl-hydrocarbon receptor","2"
"11835","Ar","JASPAR_motif:MA0007.1","androgen receptor","1"
"20997","T","JASPAR_motif:MA0009.1","brachyury","0"
"18507","Pax5","JASPAR_motif:MA0014.1","paired box gene 5","7"
"13865","Nr2f1","JASPAR_motif:MA0017.1","nuclear receptor subfamily 2, group F, member 1","13"
"12912","Creb1","JASPAR_motif:MA0018.2","cAMP responsive element binding protein 1","7"
"13555","E2f1","JASPAR_motif:MA0024.1","E2F transcription factor 1","3"
"18030","Nfil3","JASPAR_motif:MA0025.1","nuclear factor, interleukin 3, regulated","2"
"13798","En1","JASPAR_motif:MA0027.1","engrailed 1","3"
"13712","Elk1","JASPAR_motif:MA0028.1","ELK1, member of ETS oncogene family","2"
"14238","Foxf2","JASPAR_motif:MA0030.1","forkhead box F2","6"
"15229","Foxd1","JASPAR_motif:MA0031.1","forkhead box D1","2"
"16600","Klf4","JASPAR_motif:MA0039.2","Kruppel-like factor 4 (gut)","3"
"15220","Foxq1","JASPAR_motif:MA0040.1","forkhead box Q1","2"
"15221","Foxd3","JASPAR_motif:MA0041.1","forkhead box D3","4"
"14233","Foxi1","JASPAR_motif:MA0042.1","forkhead box I1","1"
"217082","Hlf","JASPAR_motif:MA0043.1","hepatic leukemia factor","10"
"21405","Hnf1a","JASPAR_motif:MA0046.1","HNF1 homeobox A","3"
"15376","Foxa2","JASPAR_motif:MA0047.2","forkhead box A2","5"
"18071","Nhlh1","JASPAR_motif:MA0048.1","nescient helix loop helix 1","1"
"16362","Irf1","JASPAR_motif:MA0050.1","interferon regulatory factor 1","2"
"16363","Irf2","JASPAR_motif:MA0051.1","interferon regulatory factor 2","3"
"17258","Mef2a","JASPAR_motif:MA0052.1","myocyte enhancer factor 2A","4"
"17187","Max","JASPAR_motif:MA0059.1JASPAR_motif:MA0058.1","Max protein","4"
"18044","Nfya","JASPAR_motif:MA0060.1","nuclear transcription factor-Y alpha","1"
"14390","Gabpa","JASPAR_motif:MA0062.2","GA repeat binding protein, alpha","5"
"19016","Pparg","JASPAR_motif:MA0066.1","peroxisome proliferator activated receptor gamma","9"
"18504","Pax2","JASPAR_motif:MA0067.1","paired box gene 2","2"
"18508","Pax6","JASPAR_motif:MA0069.1","paired box gene 6","17"
"18514","Pbx1","JASPAR_motif:MA0070.1","pre B-cell leukemia transcription factor 1","14"
"68750","Rreb1","JASPAR_motif:MA0073.1","ras responsive element binding protein 1","13"
"22337","Vdr","JASPAR_motif:MA0074.1","vitamin D receptor","3"
"13714","Elk4","JASPAR_motif:MA0076.1","ELK4, member of ETS oncogene family","9"
"20682","Sox9","JASPAR_motif:MA0077.1","SRY-box containing gene 9","1"
"20671","Sox17","JASPAR_motif:MA0078.1","SRY-box containing gene 17","6"
"20683","Sp1","JASPAR_motif:MA0079.2","trans-acting transcription factor 1","2"
"272382","Spib","JASPAR_motif:MA0081.1","Spi-B transcription factor (Spi-1","1"
"20807","Srf","JASPAR_motif:MA0083.1","serum response factor","6"
"20678","Sox5","JASPAR_motif:MA0087.1","SRY-box containing gene 5","16"
"21676","Tead1","JASPAR_motif:MA0090.1","TEA domain family member 1","8"
"21423","Tcf3","JASPAR_motif:MA0091.1","transcription factor 3","6"
"22278","Usf1","JASPAR_motif:MA0093.1","upstream transcription factor 1","2"
"17863","Myb","JASPAR_motif:MA0100.1","myeloblastosis oncogene","9"
"19696","Rel","JASPAR_motif:MA0101.1","reticuloendotheliosis oncogene","9"
"12606","Cebpa","JASPAR_motif:MA0102.2JASPAR_motif:MA0019.1","CCAAT","1"
"21417","Zeb1","JASPAR_motif:MA0103.1","zinc finger E-box binding homeobox 1","7"
"18109","Mycn","JASPAR_motif:MA0104.2","v-myc myelocytomatosis viral related oncogene, neuroblastoma derived (avian)","4"
"18033","Nfkb1","JASPAR_motif:MA0105.1","nuclear factor of kappa light polypeptide gene enhancer in B-cells 1, p105","12"
"19697","Rela","JASPAR_motif:MA0107.1","v-rel reticuloendotheliosis viral oncogene homolog A (avian)","6"
"21374","Tbp","JASPAR_motif:MA0108.2","TATA box binding protein","3"
"79401","Spz1","JASPAR_motif:MA0111.1","spermatogenic leucine zipper 1","1"
"13982","Esr1","JASPAR_motif:MA0112.2","estrogen receptor 1 (alpha)","11"
"14815","Nr3c1","JASPAR_motif:MA0113.1","nuclear receptor subfamily 3, group C, member 1","5"
"15378","Hnf4a","JASPAR_motif:MA0114.1","hepatic nuclear factor 4, alpha","3"
"20181","Rxra","JASPAR_motif:MA0115.1JASPAR_motif:MA0065.2","retinoid X receptor alpha","10"
"94187","Zfp423","JASPAR_motif:MA0116.1","zinc finger protein 423","4"
"16658","Mafb","JASPAR_motif:MA0117.1","v-maf musculoaponeurotic fibrosarcoma oncogene family, protein B (avian)","1"
"18029","Nfic","JASPAR_motif:MA0119.1","nuclear factor I","4"
"12020","Nkx3-2","JASPAR_motif:MA0122.1","NK3 homeobox 2","3"
"18095","Nkx3-1","JASPAR_motif:MA0124.1","NK-3 transcription factor, locus 1 (Drosophila)","2"
"16871","Lhx3","JASPAR_motif:MA0135.1","LIM homeobox protein 3","2"
"13711","Elf5","JASPAR_motif:MA0136.1","E74-like factor 5","8"
"20846","Stat1","JASPAR_motif:MA0137.2","signal transducer and activator of transcription 1","3"
"19712","Rest","JASPAR_motif:MA0138.2","RE1-silencing transcription factor","5"
"13018","Ctcf","JASPAR_motif:MA0139.1","CCCTC-binding factor","3"
"21349","Tal1","JASPAR_motif:MA0140.1","T-cell acute lymphocytic leukemia 1","7"
"14460","Gata1","JASPAR_motif:MA0140.1JASPAR_motif:MA0035.2","GATA binding protein 1","6"
"26380","Esrrb","JASPAR_motif:MA0141.1","estrogen related receptor, beta","9"
"18999","Pou5f1","JASPAR_motif:MA0142.1","POU domain, class 5, transcription factor 1","2"
"20674","Sox2","JASPAR_motif:MA0143.1","SRY-box containing gene 2","5"
"20848","Stat3","JASPAR_motif:MA0144.1","signal transducer and activator of transcription 3","6"
"22764","Zfx","JASPAR_motif:MA0146.1","zinc finger protein X-linked","3"
"17869","Myc","JASPAR_motif:MA0147.1JASPAR_motif:MA0059.1","myelocytomatosis oncogene","7"
"15375","Foxa1","JASPAR_motif:MA0148.1","forkhead box A1","2"
"18024","Nfe2l2","JASPAR_motif:MA0150.1","nuclear factor, erythroid derived 2, like 2","5"
"18019","Nfatc2","JASPAR_motif:MA0152.1","nuclear factor of activated T-cells, cytoplasmic, calcineurin-dependent 2","5"
"21410","Hnf1b","JASPAR_motif:MA0153.1","HNF1 homeobox B","4"
"13591","Ebf1","JASPAR_motif:MA0154.1","early B-cell factor 1","13"
"53626","Insm1","JASPAR_motif:MA0155.1","insulinoma-associated 1","1"
"56484","Foxo3","JASPAR_motif:MA0157.1","forkhead box O3","5"
"18227","Nr4a2","JASPAR_motif:MA0160.1","nuclear receptor subfamily 4, group A, member 2","7"
"13653","Egr1","JASPAR_motif:MA0162.1","early growth response 1","2"
"56711","Plag1","JASPAR_motif:MA0163.1","pleiomorphic adenoma gene 1","1"
"23958","Nr2e3","JASPAR_motif:MA0164.1","nuclear receptor subfamily 2, group E, member 3","9"
"13983","Esr2","JASPAR_motif:MA0258.1","estrogen receptor 2 (beta)","2"
"11863","Arnt","JASPAR_motif:MA0259.1JASPAR_motif:MA0004.1","aryl hydrocarbon receptor nuclear translocator","2"
"100043133","9130023H24Rik","NA","RIKEN cDNA 9130023H24 gene","1"
"330361","AW146020","NA","expressed sequence AW146020","1"
"11538","Adnp","NA","activity-dependent neuroprotective protein","6"
"240442","Adnp2","NA","ADNP homeobox 2","2"
"11568","Aebp1","NA","AE binding protein 1","3"
"11569","Aebp2","NA","AE binding protein 2","4"
"17355","Aff1","NA","AF4","16"
"14266","Aff2","NA","AF4","2"
"16764","Aff3","NA","AF4","7"
"93736","Aff4","NA","AF4","6"
"226747","Ahctf1","NA","AT hook containing transcription factor 1","4"
"11634","Aire","NA","autoimmune regulator (autoimmune polyendocrinopathy candidiasis ectodermal dystrophy)","2"
"100182","Akna","NA","AT-hook transcription factor","9"
"216285","Alx1","NA","ALX homeobox 1","4"
"11694","Alx3","NA","aristaless-like homeobox 3","1"
"11695","Alx4","NA","aristaless-like homeobox 4","2"
"52231","Ankzf1","NA","ankyrin repeat and zinc finger domain containing 1","1"
"93760","Arid1a","NA","AT rich interactive domain 1A (SWI-like)","13"
"239985","Arid1b","NA","AT rich interactive domain 1B (SWI-like)","6"
"77044","Arid2","NA","AT rich interactive domain 2 (ARID, RFX-like)","4"
"13496","Arid3a","NA","AT rich interactive domain 3A (BRIGHT-like)","5"
"56380","Arid3b","NA","AT rich interactive domain 3B (BRIGHT-like)","1"
"550619","Arid3c","NA","AT rich interactive domain 3C (BRIGHT-like)","1"
"238247","Arid4a","NA","AT rich interactive domain 4A (RBP1-like)","4"
"94246","Arid4b","NA","AT rich interactive domain 4B (RBP1-like)","1"
"214855","Arid5a","NA","AT rich interactive domain 5A (MRF1-like)","2"
"71371","Arid5b","NA","AT rich interactive domain 5B (MRF1-like)","8"
"11864","Arnt2","NA","aryl hydrocarbon receptor nuclear translocator 2","7"
"11865","Arntl","NA","aryl hydrocarbon receptor nuclear translocator-like","1"
"272322","Arntl2","NA","aryl hydrocarbon receptor nuclear translocator-like 2","2"
"11878","Arx","NA","aristaless related homeobox","1"
"17172","Ascl1","NA","achaete-scute complex homolog 1 (Drosophila)","1"
"17173","Ascl2","NA","achaete-scute complex homolog 2 (Drosophila)","1"
"56787","Ascl3","NA","achaete-scute complex homolog 3 (Drosophila)","1"
"192195","Ash1l","NA","ash1 (absent, small, or homeotic)-like (Drosophila)","1"
"23808","Ash2l","NA","ash2 (absent, small, or homeotic)-like (Drosophila)","5"
"11908","Atf1","NA","activating transcription factor 1","6"
"11909","Atf2","NA","activating transcription factor 2","4"
"11910","Atf3","NA","activating transcription factor 3","2"
"11911","Atf4","NA","activating transcription factor 4","2"
"107503","Atf5","NA","activating transcription factor 5","4"
"226641","Atf6","NA","activating transcription factor 6","5"
"12915","Atf6b","NA","activating transcription factor 6 beta","3"
"223922","Atf7","NA","activating transcription factor 7","2"
"11921","Atoh1","NA","atonal homolog 1 (Drosophila)","1"
"53404","Atoh7","NA","atonal homolog 7 (Drosophila)","1"
"71093","Atoh8","NA","atonal homolog 8 (Drosophila)","5"
"22589","Atrx","NA","alpha thalassemia","7"
"246103","Atxn7","NA","ataxin 7","1"
"12013","Bach1","NA","BTB and CNC homology 1","3"
"12014","Bach2","NA","BTB and CNC homology 2","7"
"54422","Barhl1","NA","BarH-like 1 (Drosophila)","2"
"104382","Barhl2","NA","BarH-like 2 (Drosophila)","4"
"12022","Barx1","NA","BarH-like homeobox 1","5"
"12023","Barx2","NA","BarH-like homeobox 2","5"
"53314","Batf","NA","basic leucine zipper transcription factor, ATF-like","2"
"74481","Batf2","NA","basic leucine zipper transcription factor, ATF-like 2","1"
"70508","Bbx","NA","bobby sox homolog (Drosophila)","5"
"14025","Bcl11a","NA","B-cell CLL","13"
"58208","Bcl11b","NA","B-cell leukemia","10"
"12051","Bcl3","NA","B-cell leukemia","1"
"12053","Bcl6","NA","B-cell leukemia","2"
"12029","Bcl6b","NA","B-cell CLL","2"
"72567","Bclaf1","NA","BCL2-associated transcription factor 1","4"
"17341","Bhlha15","NA","basic helix-loop-helix family, member a15","2"
"320522","Bhlha9","NA","basic helix-loop-helix family, member a9","1"
"70237","Bhlhb9","NA","basic helix-loop-helix domain containing, class B9","4"
"59058","Bhlhe22","NA","basic helix-loop-helix family, member e22","4"
"20893","Bhlhe40","NA","basic helix-loop-helix family, member e40","5"
"79362","Bhlhe41","NA","basic helix-loop-helix family, member e41","3"
"12156","Bmp2","NA","bone morphogenetic protein 2","2"
"107771","Bmyc","NA","brain expressed myelocytomatosis oncogene","4"
"12173","Bnc1","NA","basonuclin 1","3"
"242509","Bnc2","NA","basonuclin 2","5"
"69168","Bola1","NA","bolA-like 1 (E. coli)","2"
"66162","Bola2","NA","bolA-like 2 (E. coli)","2"
"78653","Bola3","NA","bolA-like 3 (E. coli)","5"
"207165","Bptf","NA","bromodomain PHD finger transcription factor","4"
"12189","Brca1","NA","breast cancer 1","1"
"244813","Bsx","NA","brain specific homeobox","1"
"238317","C130039O16Rik","NA","RIKEN cDNA C130039O16 gene","10"
"231855","C330006K01Rik","NA","RIKEN cDNA C330006K01 gene","1"
"100072","Camta1","NA","calmodulin binding transcription activator 1","8"
"216874","Camta2","NA","calmodulin binding transcription activator 2","3"
"52502","Carhsp1","NA","calcium regulated heat stable protein 1","2"
"69743","Casz1","NA","castor homolog 1, zinc finger (Drosophila)","7"
"12400","Cbfb","NA","core binding factor beta","5"
"320022","Ccdc79","NA","coiled-coil domain containing 79","1"
"71702","Cdc5l","NA","cell division cycle 5-like (S. pombe)","5"
"12590","Cdx1","NA","caudal type homeobox 1","2"
"12591","Cdx2","NA","caudal type homeobox 2","5"
"12608","Cebpb","NA","CCAAT","1"
"12609","Cebpd","NA","CCAAT","1"
"110794","Cebpe","NA","CCAAT","4"
"12611","Cebpg","NA","CCAAT","3"
"12607","Cebpz","NA","CCAAT","1"
"320394","Cenpt","NA","centromere protein T","1"
"71722","Cic","NA","capicua homolog (Drosophila)","5"
"68379","Ciz1","NA","CDKN1A interacting zinc finger protein 1","5"
"12753","Clock","NA","circadian locomotor output cycles kaput","3"
"53621","Cnot4","NA","CCR4-NOT transcription complex, subunit 4","2"
"382239","Cpxcr1","NA","CPX chromosome region, candidate 1","2"
"57354","Cramp1l","NA","Crm, cramped-like (Drosophila)","4"
"12913","Creb3","NA","cAMP responsive element binding protein 3","2"
"26427","Creb3l1","NA","cAMP responsive element binding protein 3-like 1","3"
"208647","Creb3l2","NA","cAMP responsive element binding protein 3-like 2","3"
"208677","Creb3l3","NA","cAMP responsive element binding protein 3-like 3","4"
"78284","Creb3l4","NA","cAMP responsive element binding protein 3-like 4","4"
"231991","Creb5","NA","cAMP responsive element binding protein 5","3"
"12914","Crebbp","NA","CREB binding protein","2"
"232430","Crebl2","NA","cAMP responsive element binding protein-like 2","3"
"233490","Crebzf","NA","CREB","2"
"12916","Crem","NA","cAMP responsive element modulator","18"
"12951","Crx","NA","cone-rod homeobox containing gene","1"
"56449","Csda","NA","cold shock domain protein A","5"
"215418","Csrnp1","NA","cysteine-serine-rich nuclear protein 1","1"
"207785","Csrnp2","NA","cysteine-serine-rich nuclear protein 2","1"
"77771","Csrnp3","NA","cysteine-serine-rich nuclear protein 3","4"
"664799","Ctcfl","NA","CCCTC-binding factor (zinc finger protein)-like","1"
"13047","Cux1","NA","cut-like homeobox 1","8"
"13048","Cux2","NA","cut-like homeobox 2","7"
"74322","Cxxc1","NA","CXXC finger 1 (PHD domain)","4"
"330286","D630045J12Rik","NA","RIKEN cDNA D630045J12 gene","9"
"13134","Dach1","NA","dachshund 1 (Drosophila)","7"
"93837","Dach2","NA","dachshund 2 (Drosophila)","2"
"13170","Dbp","NA","D site albumin promoter binding protein","9"
"13172","Dbx1","NA","developing brain homeobox 1","1"
"223843","Dbx2","NA","developing brain homeobox 2","2"
"107986","Ddb2","NA","damage specific DNA binding protein 2","5"
"13198","Ddit3","NA","DNA-damage inducible transcript 3","1"
"54006","Deaf1","NA","deformed epidermal autoregulatory factor 1 (Drosophila)","7"
"13390","Dlx1","NA","distal-less homeobox 1","13"
"13392","Dlx2","NA","distal-less homeobox 2","6"
"13393","Dlx3","NA","distal-less homeobox 3","2"
"13395","Dlx5","NA","distal-less homeobox 5","4"
"13396","Dlx6","NA","distal-less homeobox 6","5"
"66233","Dmap1","NA","DNA methyltransferase 1-associated protein 1","2"
"140477","Dmbx1","NA","diencephalon","1"
"50796","Dmrt1","NA","doublesex and mab-3 related transcription factor 1","5"
"226049","Dmrt2","NA","doublesex and mab-3 related transcription factor 2","1"
"240590","Dmrt3","NA","doublesex and mab-3 related transcription factor 3","2"
"242523","Dmrta1","NA","doublesex and mab-3 related transcription factor like family A1","4"
"242620","Dmrta2","NA","doublesex and mab-3 related transcription factor like family A2","1"
"56296","Dmrtb1","NA","DMRT-like family B with proline-rich C-terminal, 1","9"
"71241","Dmrtc2","NA","doublesex and mab-3 related transcription factor like family C2","3"
"23857","Dmtf1","NA","cyclin D binding myb-like transcription factor 1","3"
"13418","Dnajc1","NA","DnaJ (Hsp40) homolog, subfamily C, member 1","1"
"22791","Dnajc2","NA","DnaJ (Hsp40) homolog, subfamily C, member 2","2"
"78244","Dnajc21","NA","DnaJ (Hsp40) homolog, subfamily C, member 21","3"
"13433","Dnmt1","NA","DNA methyltransferase (cytosine-5) 1","3"
"13435","Dnmt3a","NA","DNA methyltransferase 3A","9"
"13436","Dnmt3b","NA","DNA methyltransferase 3B","3"
"54427","Dnmt3l","NA","DNA (cytosine-5-)-methyltransferase 3-like","4"
"29861","Dpf1","NA","D4, zinc and double PHD fingers family 1","6"
"19708","Dpf2","NA","D4, zinc and double PHD fingers family 2","2"
"70127","Dpf3","NA","D4, zinc and double PHD fingers, family 3","1"
"13486","Dr1","NA","down-regulator of transcription 1","3"
"66556","Drap1","NA","Dr1 associated protein 1 (negative cofactor 2 alpha)","7"
"242705","E2f2","NA","E2F transcription factor 2","8"
"13557","E2f3","NA","E2F transcription factor 3","4"
"104394","E2f4","NA","E2F transcription factor 4","1"
"13559","E2f5","NA","E2F transcription factor 5","3"
"50496","E2f6","NA","E2F transcription factor 6","2"
"52679","E2f7","NA","E2F transcription factor 7","1"
"108961","E2f8","NA","E2F transcription factor 8","5"
"13560","E4f1","NA","E4F transcription factor 1","2"
"13592","Ebf2","NA","early B-cell factor 2","5"
"13593","Ebf3","NA","early B-cell factor 3","7"
"228598","Ebf4","NA","early B-cell factor 4","1"
"13654","Egr2","NA","early growth response 2","7"
"13655","Egr3","NA","early growth response 3","4"
"13656","Egr4","NA","early growth response 4","1"
"13661","Ehf","NA","ets homologous factor","4"
"13709","Elf1","NA","E74-like factor 1","5"
"69257","Elf2","NA","E74-like factor 2","9"
"13710","Elf3","NA","E74-like factor 3","1"
"56501","Elf4","NA","E74-like factor 4 (ets domain transcription factor)","3"
"13713","Elk3","NA","ELK3, member of ETS oncogene family","4"
"13796","Emx1","NA","empty spiracles homolog 1 (Drosophila)","3"
"13797","Emx2","NA","empty spiracles homolog 2 (Drosophila)","9"
"13799","En2","NA","engrailed 2","1"
"13806","Eno1","NA","enolase 1, alpha non-neuron","11"
"13813","Eomes","NA","eomesodermin homolog (Xenopus laevis)","5"
"13819","Epas1","NA","endothelial PAS domain protein 1","6"
"13875","Erf","NA","Ets2 repressor factor","1"
"13876","Erg","NA","avian erythroblastosis virus E-26 (v-ets) oncogene related","2"
"26379","Esrra","NA","estrogen related receptor, alpha","2"
"26381","Esrrg","NA","estrogen-related receptor gamma","7"
"13984","Esx1","NA","extraembryonic, spermatogenesis, homeobox 1","4"
"23871","Ets1","NA","E26 avian leukemia oncogene 1, 5' domain","6"
"23872","Ets2","NA","E26 avian leukemia oncogene 2, 3' domain","5"
"14009","Etv1","NA","ets variant gene 1","9"
"14008","Etv2","NA","ets variant gene 2","1"
"27049","Etv3","NA","ets variant gene 3","2"
"18612","Etv4","NA","ets variant gene 4 (E1A enhancer binding protein, E1AF)","7"
"104156","Etv5","NA","ets variant gene 5","3"
"14011","Etv6","NA","ets variant gene 6 (TEL oncogene)","8"
"14029","Evx2","NA","even skipped homeotic gene 2 homolog","2"
"14055","Ezh1","NA","enhancer of zeste homolog 1 (Drosophila)","1"
"14056","Ezh2","NA","enhancer of zeste homolog 2 (Drosophila)","2"
"225497","Fam170a","NA","family with sequence similarity 170, member A","2"
"114712","Ferd3l","NA","Fer3-like (Drosophila)","1"
"73191","Fezf1","NA","Fez family zinc finger 1","1"
"54713","Fezf2","NA","Fez family zinc finger 2","6"
"26910","Figla","NA","folliculogenesis specific basic helix-loop-helix","1"
"23877","Fiz1","NA","Flt3 interacting zinc finger protein 1","1"
"14247","Fli1","NA","Friend leukemia integration 1","5"
"14281","Fos","NA","FBJ osteosarcoma oncogene","3"
"14282","Fosb","NA","FBJ osteosarcoma oncogene B","5"
"14283","Fosl1","NA","fos-like antigen 1","3"
"14284","Fosl2","NA","fos-like antigen 2","3"
"15377","Foxa3","NA","forkhead box A3","1"
"64290","Foxb1","NA","forkhead box B1","2"
"17300","Foxc1","NA","forkhead box C1","5"
"14234","Foxc2","NA","forkhead box C2","2"
"17301","Foxd2","NA","forkhead box D2","2"
"110805","Foxe1","NA","forkhead box E1","1"
"30923","Foxe3","NA","forkhead box E3","1"
"15227","Foxf1a","NA","forkhead box F1a","1"
"15228","Foxg1","NA","forkhead box G1","8"
"14106","Foxh1","NA","forkhead box H1","1"
"232077","Foxi3","NA","forkhead box I3","1"
"15223","Foxj1","NA","forkhead box J1","3"
"60611","Foxj2","NA","forkhead box J2","1"
"230700","Foxj3","NA","forkhead box J3","2"
"17425","Foxk1","NA","forkhead box K1","1"
"68837","Foxk2","NA","forkhead box K2","2"
"14241","Foxl1","NA","forkhead box L1","1"
"26927","Foxl2","NA","forkhead box L2","4"
"14235","Foxm1","NA","forkhead box M1","3"
"15218","Foxn1","NA","forkhead box N1","2"
"14236","Foxn2","NA","forkhead box N2","2"
"71375","Foxn3","NA","forkhead box N3","6"
"116810","Foxn4","NA","forkhead box N4","4"
"56458","Foxo1","NA","forkhead box O1","3"
"54601","Foxo4","NA","forkhead box O4","3"
"329934","Foxo6","NA","forkhead box O6","2"
"108655","Foxp1","NA","forkhead box P1","15"
"114142","Foxp2","NA","forkhead box P2","14"
"20371","Foxp3","NA","forkhead box P3","4"
"74123","Foxp4","NA","forkhead box P4","14"
"382074","Foxr1","NA","forkhead box R1","1"
"14239","Foxs1","NA","forkhead box S1","2"
"51886","Fubp1","NA","far upstream element (FUSE) binding protein 1","1"
"320267","Fubp3","NA","far upstream element (FUSE) binding protein 3","3"
"14391","Gabpb1","NA","GA repeat binding protein, beta 1","6"
"213054","Gabpb2","NA","GA repeat binding protein, beta 2","4"
"14461","Gata2","NA","GATA binding protein 2","4"
"14462","Gata3","NA","GATA binding protein 3","8"
"14463","Gata4","NA","GATA binding protein 4","8"
"14464","Gata5","NA","GATA binding protein 5","4"
"14465","Gata6","NA","GATA binding protein 6","5"
"67210","Gatad1","NA","GATA zinc finger domain containing 1","4"
"234366","Gatad2a","NA","GATA zinc finger domain containing 2A","12"
"229542","Gatad2b","NA","GATA zinc finger domain containing 2B","3"
"231044","Gbx1","NA","gastrulation brain homeobox 1","1"
"14472","Gbx2","NA","gastrulation brain homeobox 2","2"
"67367","Gcfc1","NA","GC-rich sequence DNA-binding factor 1","2"
"14531","Gcm1","NA","glial cells missing homolog 1 (Drosophila)","1"
"14581","Gfi1","NA","growth factor independent 1","2"
"14582","Gfi1b","NA","growth factor independent 1B","2"
"14632","Gli1","NA","GLI-Kruppel family member GLI1","3"
"14633","Gli2","NA","GLI-Kruppel family member GLI2","7"
"14634","Gli3","NA","GLI-Kruppel family member GLI3","6"
"230587","Glis1","NA","GLIS family zinc finger 1","2"
"83396","Glis2","NA","GLIS family zinc finger 2","3"
"226075","Glis3","NA","GLIS family zinc finger 3","4"
"240038","Gm4944","NA","predicted gene 4944","1"
"207806","Gm608","NA","predicted gene 608","2"
"666257","Gm8008","NA","predicted gene 8008","2"
"225908","Gm98","NA","predicted gene 98","2"
"56809","Gmeb1","NA","glucocorticoid modulatory element binding protein 1","2"
"229004","Gmeb2","NA","glucocorticoid modulatory element binding protein 2","2"
"195733","Grhl1","NA","grainyhead-like 1 (Drosophila)","5"
"252973","Grhl2","NA","grainyhead-like 2 (Drosophila)","5"
"230824","Grhl3","NA","grainyhead-like 3 (Drosophila)","2"
"232906","Grlf1","NA","glucocorticoid receptor DNA binding factor 1","10"
"14836","Gsc","NA","goosecoid homeobox","1"
"14842","Gsx1","NA","GS homeobox 1","1"
"14843","Gsx2","NA","GS homeobox 2","1"
"14886","Gtf2i","NA","general transcription factor II I","12"
"66596","Gtf3a","NA","general transcription factor III A","6"
"74533","Gzf1","NA","GDNF-inducible zinc finger protein 1","2"
"15110","Hand1","NA","heart and neural crest derivatives expressed transcript 1","3"
"15111","Hand2","NA","heart and neural crest derivatives expressed transcript 2","1"
"73389","Hbp1","NA","high mobility group box transcription factor 1","3"
"245596","Hdx","NA","highly divergent homeobox","1"
"234219","Helt","NA","helt bHLH transcription factor","1"
"15205","Hes1","NA","hairy and enhancer of split 1 (Drosophila)","5"
"15206","Hes2","NA","hairy and enhancer of split 2 (Drosophila)","1"
"15207","Hes3","NA","hairy and enhancer of split 3 (Drosophila)","2"
"15208","Hes5","NA","hairy and enhancer of split 5 (Drosophila)","1"
"55927","Hes6","NA","hairy and enhancer of split 6 (Drosophila)","1"
"15209","Hesx1","NA","homeobox gene expressed in ES cells","3"
"15213","Hey1","NA","hairy","4"
"15214","Hey2","NA","hairy","3"
"56198","Heyl","NA","hairy","2"
"15242","Hhex","NA","hematopoietically expressed homeobox","3"
"15248","Hic1","NA","hypermethylated in cancer 1","1"
"58180","Hic2","NA","hypermethylated in cancer 2","1"
"15251","Hif1a","NA","hypoxia inducible factor 1, alpha subunit","9"
"53417","Hif3a","NA","hypoxia inducible factor 3, alpha subunit","4"
"102423","Hinfp","NA","histone H4 transcription factor","1"
"110521","Hivep1","NA","human immunodeficiency virus type I enhancer binding protein 1","3"
"15273","Hivep2","NA","human immunodeficiency virus type I enhancer binding protein 2","10"
"16656","Hivep3","NA","human immunodeficiency virus type I enhancer binding protein 3","5"
"110189","Hkr1","NA","GLI-Kruppel family member HKR1","0"
"20585","Hltf","NA","helicase-like transcription factor","2"
"15284","Hlx","NA","H2.0-like homeobox","5"
"219150","Hmbox1","NA","homeobox containing 1","4"
"66867","Hmg20a","NA","high mobility group 20A","3"
"15353","Hmg20b","NA","high mobility group 20 B","5"
"15361","Hmga1","NA","high mobility group AT-hook 1","13"
"15364","Hmga2","NA","high mobility group AT-hook 2","11"
"106894","Hmgxb3","NA","HMG box domain containing 3","2"
"70823","Hmgxb4","NA","HMG box domain containing 4","3"
"15371","Hmx1","NA","H6 homeobox 1","4"
"15372","Hmx2","NA","H6 homeobox 2","1"
"30942","Hnf4g","NA","hepatocyte nuclear factor 4, gamma","3"
"15387","Hnrnpk","NA","heterogeneous nuclear ribonucleoprotein K","5"
"239099","Homez","NA","homeodomain leucine zipper-encoding gene","2"
"74318","Hopx","NA","HOP homeobox","10"
"15394","Hoxa1","NA","homeobox A1","1"
"15395","Hoxa10","NA","homeobox A10","9"
"15396","Hoxa11","NA","homeobox A11","3"
"15398","Hoxa13","NA","homeobox A13","2"
"15399","Hoxa2","NA","homeobox A2","1"
"15400","Hoxa3","NA","homeobox A3","3"
"15401","Hoxa4","NA","homeobox A4","1"
"15402","Hoxa5","NA","homeobox A5","2"
"15403","Hoxa6","NA","homeobox A6","3"
"15404","Hoxa7","NA","homeobox A7","4"
"15405","Hoxa9","NA","homeobox A9","2"
"15408","Hoxb13","NA","homeobox B13","4"
"103889","Hoxb2","NA","homeobox B2","4"
"15410","Hoxb3","NA","homeobox B3","2"
"15412","Hoxb4","NA","homeobox B4","2"
"15413","Hoxb5","NA","homeobox B5","4"
"15414","Hoxb6","NA","homeobox B6","9"
"15415","Hoxb7","NA","homeobox B7","5"
"15416","Hoxb8","NA","homeobox B8","6"
"15417","Hoxb9","NA","homeobox B9","5"
"209448","Hoxc10","NA","homeobox C10","4"
"15421","Hoxc12","NA","homeobox C12","2"
"15422","Hoxc13","NA","homeobox C13","4"
"15423","Hoxc4","NA","homeobox C4","4"
"15424","Hoxc5","NA","homeobox C5","1"
"15425","Hoxc6","NA","homeobox C6","5"
"15426","Hoxc8","NA","homeobox C8","4"
"15430","Hoxd10","NA","homeobox D10","5"
"15431","Hoxd11","NA","homeobox D11","6"
"15432","Hoxd12","NA","homeobox D12","2"
"15433","Hoxd13","NA","homeobox D13","1"
"15434","Hoxd3","NA","homeobox D3","8"
"15436","Hoxd4","NA","homeobox D4","3"
"15437","Hoxd8","NA","homeobox D8","10"
"15438","Hoxd9","NA","homeobox D9","6"
"15499","Hsf1","NA","heat shock factor 1","1"
"15500","Hsf2","NA","heat shock factor 2","2"
"26386","Hsf4","NA","heat shock transcription factor 4","2"
"327992","Hsf5","NA","heat shock transcription factor family member 5","5"
"71066","Hsfy2","NA","heat shock transcription factor, Y linked 2","4"
"15901","Id1","NA","inhibitor of DNA binding 1","1"
"15902","Id2","NA","inhibitor of DNA binding 2","1"
"15903","Id3","NA","inhibitor of DNA binding 3","2"
"15904","Id4","NA","inhibitor of DNA binding 4","1"
"22778","Ikzf1","NA","IKAROS family zinc finger 1","13"
"22779","Ikzf2","NA","IKAROS family zinc finger 2","4"
"22780","Ikzf3","NA","IKAROS family zinc finger 3","13"
"22781","Ikzf4","NA","IKAROS family zinc finger 4","2"
"67143","Ikzf5","NA","IKAROS family zinc finger 5","2"
"56856","Insm2","NA","insulinoma-associated 2","1"
"54131","Irf3","NA","interferon regulatory factor 3","3"
"16364","Irf4","NA","interferon regulatory factor 4","1"
"27056","Irf5","NA","interferon regulatory factor 5","6"
"54139","Irf6","NA","interferon regulatory factor 6","6"
"54123","Irf7","NA","interferon regulatory factor 7","1"
"15900","Irf8","NA","interferon regulatory factor 8","1"
"16391","Irf9","NA","interferon regulatory factor 9","2"
"16371","Irx1","NA","Iroquois related homeobox 1 (Drosophila)","3"
"16372","Irx2","NA","Iroquois related homeobox 2 (Drosophila)","3"
"16373","Irx3","NA","Iroquois related homeobox 3 (Drosophila)","7"
"50916","Irx4","NA","Iroquois related homeobox 4 (Drosophila)","3"
"54352","Irx5","NA","Iroquois related homeobox 5 (Drosophila)","5"
"16392","Isl1","NA","ISL1 transcription factor, LIM","1"
"104360","Isl2","NA","insulin related protein 2 (islet 2)","1"
"71597","Isx","NA","intestine specific homeobox","7"
"16468","Jarid2","NA","jumonji, AT rich interactive domain 2","14"
"231986","Jazf1","NA","JAZF zinc finger 1","6"
"81703","Jdp2","NA","Jun dimerization protein 2","4"
"16476","Jun","NA","Jun oncogene","2"
"16477","Junb","NA","Jun-B oncogene","3"
"16478","Jund","NA","Jun proto-oncogene related gene d","2"
"81601","Kat5","NA","K(lysine) acetyltransferase 5","1"
"74287","Kcmf1","NA","potassium channel modulatory factor 1","6"
"56461","Kcnip3","NA","Kv channel interacting protein 3, calsenilin","4"
"225876","Kdm2a","NA","lysine (K)-specific demethylase 2A","1"
"214899","Kdm5a","NA","lysine (K)-specific demethylase 5A","3"
"75605","Kdm5b","NA","lysine (K)-specific demethylase 5B","3"
"20591","Kdm5c","NA","lysine (K)-specific demethylase 5C","1"
"20592","Kdm5d","NA","lysine (K)-specific demethylase 5D","1"
"16549","Khsrp","NA","KH-type splicing regulatory protein","1"
"16596","Klf1","NA","Kruppel-like factor 1 (erythroid)","1"
"21847","Klf10","NA","Kruppel-like factor 10","2"
"194655","Klf11","NA","Kruppel-like factor 11","2"
"16597","Klf12","NA","Kruppel-like factor 12","5"
"50794","Klf13","NA","Kruppel-like factor 13","4"
"619665","Klf14","NA","Kruppel-like factor 14","1"
"66277","Klf15","NA","Kruppel-like factor 15","6"
"118445","Klf16","NA","Kruppel-like factor 16","1"
"75753","Klf17","NA","Kruppel-like factor 17","1"
"16598","Klf2","NA","Kruppel-like factor 2 (lung)","3"
"16599","Klf3","NA","Kruppel-like factor 3 (basic)","12"
"12224","Klf5","NA","Kruppel-like factor 5","2"
"23849","Klf6","NA","Kruppel-like factor 6","4"
"93691","Klf7","NA","Kruppel-like factor 7 (ubiquitous)","9"
"16601","Klf9","NA","Kruppel-like factor 9","9"
"241764","L3mbtl1","NA","l(3)mbt-like (Drosophila)","1"
"214669","L3mbtl2","NA","l(3)mbt-like 2 (Drosophila)","2"
"237339","L3mbtl3","NA","l(3)mbt-like 3 (Drosophila)","2"
"320858","L3mbtl4","NA","l(3)mbt-like 4 (Drosophila)","1"
"212391","Lcor","NA","ligand dependent nuclear receptor corepressor","2"
"209707","Lcorl","NA","ligand dependent nuclear receptor corepressor-like","2"
"16842","Lef1","NA","lymphoid enhancer binding factor 1","14"
"16869","Lhx1","NA","LIM homeobox protein 1","1"
"16870","Lhx2","NA","LIM homeobox protein 2","5"
"16872","Lhx4","NA","LIM homeobox protein 4","2"
"16873","Lhx5","NA","LIM homeobox protein 5","3"
"16874","Lhx6","NA","LIM homeobox protein 6","3"
"16875","Lhx8","NA","LIM homeobox protein 8","3"
"16876","Lhx9","NA","LIM homeobox protein 9","5"
"110648","Lmx1a","NA","LIM homeobox transcription factor 1 alpha","2"
"16917","Lmx1b","NA","LIM homeobox transcription factor 1 beta","1"
"16978","Lrrfip1","NA","leucine rich repeat (in FLII) interacting protein 1","5"
"71268","Lrrfip2","NA","leucine rich repeat (in FLII) interacting protein 2","4"
"17089","Lyar","NA","Ly1 antibody reactive clone","5"
"17095","Lyl1","NA","lymphoblastomic leukemia 1","4"
"98558","Mael","NA","maelstrom homolog (Drosophila)","2"
"17132","Maf","NA","avian musculoaponeurotic fibrosarcoma (v-maf) AS42 oncogene homolog","7"
"68877","Maf1","NA","MAF1 homolog (S. cerevisiae)","3"
"378435","Mafa","NA","v-maf musculoaponeurotic fibrosarcoma oncogene family, protein A (avian)","2"
"17133","Maff","NA","v-maf musculoaponeurotic fibrosarcoma oncogene family, protein F (avian)","5"
"17134","Mafg","NA","v-maf musculoaponeurotic fibrosarcoma oncogene family, protein G (avian)","6"
"17135","Mafk","NA","v-maf musculoaponeurotic fibrosarcoma oncogene family, protein K (avian)","2"
"17184","Matr3","NA","matrin 3","5"
"17188","Maz","NA","MYC-associated zinc finger protein (purine-binding transcription factor)","14"
"17190","Mbd1","NA","methyl-CpG binding domain protein 1","3"
"17191","Mbd2","NA","methyl-CpG binding domain protein 2","2"
"17192","Mbd3","NA","methyl-CpG binding domain protein 3","4"
"73503","Mbd3l1","NA","methyl-CpG binding domain protein 3-like 1","3"
"17193","Mbd4","NA","methyl-CpG binding domain protein 4","2"
"109241","Mbd5","NA","methyl-CpG binding domain protein 5","5"
"110962","Mbd6","NA","methyl-CpG binding domain protein 6","7"
"171170","Mbnl3","NA","muscleblind-like 3 (Drosophila)","6"
"14013","Mecom","NA","MDS1 and EVI1 complex locus","14"
"17257","Mecp2","NA","methyl CpG binding protein 2","2"
"17259","Mef2b","NA","myocyte enhancer factor 2B","4"
"17260","Mef2c","NA","myocyte enhancer factor 2C","11"
"17261","Mef2d","NA","myocyte enhancer factor 2D","4"
"17268","Meis1","NA","Meis homeobox 1","6"
"17536","Meis2","NA","Meis homeobox 2","16"
"17537","Meis3","NA","Meis homeobox 3","2"
"17285","Meox1","NA","mesenchyme homeobox 1","2"
"17286","Meox2","NA","mesenchyme homeobox 2","5"
"17292","Mesp1","NA","mesoderm posterior 1","4"
"17293","Mesp2","NA","mesoderm posterior 2","1"
"29808","Mga","NA","MAX gene associated","3"
"71148","Mier1","NA","mesoderm induction early response 1 homolog (Xenopus laevis","13"
"70427","Mier2","NA","mesoderm induction early response 1, family member 2","1"
"218613","Mier3","NA","mesoderm induction early response 1, family member 3","6"
"17342","Mitf","NA","microphthalmia-associated transcription factor","4"
"210719","Mkx","NA","mohawk homeobox","1"
"214162","Mll1","NA","myeloid","1"
"381022","Mll2","NA","myeloid","1"
"231051","Mll3","NA","myeloid","3"
"69188","Mll5","NA","myeloid","6"
"64144","Mllt1","NA","myeloid","1"
"17354","Mllt10","NA","myeloid","12"
"56772","Mllt11","NA","myeloid","9"
"70122","Mllt3","NA","myeloid","11"
"17356","Mllt4","NA","myeloid","8"
"246198","Mllt6","NA","myeloid","4"
"21428","Mlx","NA","MAX-like protein X","1"
"208104","Mlxip","NA","MLX interacting protein","1"
"58805","Mlxipl","NA","MLX interacting protein-like","1"
"17428","Mnt","NA","max binding protein","2"
"15285","Mnx1","NA","motor neuron and pancreas homeobox 1","2"
"17681","Msc","NA","musculin","1"
"17701","Msx1","NA","homeobox, msh-like 1","1"
"17702","Msx2","NA","homeobox, msh-like 2","4"
"17703","Msx3","NA","homeobox, msh-like 3","2"
"116870","Mta1","NA","metastasis associated 1","1"
"23942","Mta2","NA","metastasis-associated gene family, member 2","6"
"116871","Mta3","NA","metastasis associated 3","4"
"17764","Mtf1","NA","metal response element binding transcription factor 1","1"
"17765","Mtf2","NA","metal response element binding transcription factor 2","3"
"17119","Mxd1","NA","MAX dimerization protein 1","2"
"17121","Mxd3","NA","Max dimerization protein 3","1"
"17122","Mxd4","NA","Max dimerization protein 4","4"
"17859","Mxi1","NA","Max interacting protein 1","6"
"17864","Mybl1","NA","myeloblastosis oncogene-like 1","3"
"17865","Mybl2","NA","myeloblastosis oncogene-like 2","4"
"16918","Mycl1","NA","v-myc myelocytomatosis viral oncogene homolog 1, lung carcinoma derived (avian)","3"
"17877","Myf5","NA","myogenic factor 5","1"
"17878","Myf6","NA","myogenic factor 6","3"
"80732","Mynn","NA","myoneurin","1"
"17927","Myod1","NA","myogenic differentiation 1","2"
"17928","Myog","NA","myogenin","3"
"320713","Mysm1","NA","myb-like, SWIRM and MPN domains 1","1"
"67773","Myst1","NA","MYST histone acetyltransferase 1","1"
"217127","Myst2","NA","MYST histone acetyltransferase 2","4"
"244349","Myst3","NA","MYST histone acetyltransferase (monocytic leukemia) 3","1"
"54169","Myst4","NA","MYST histone acetyltransferase monocytic leukemia 4","2"
"17932","Myt1","NA","myelin transcription factor 1","5"
"17933","Myt1l","NA","myelin transcription factor 1-like","7"
"71950","Nanog","NA","Nanog homeobox","1"
"17977","Ncoa1","NA","nuclear receptor coactivator 1","1"
"17978","Ncoa2","NA","nuclear receptor coactivator 2","5"
"17979","Ncoa3","NA","nuclear receptor coactivator 3","4"
"27057","Ncoa4","NA","nuclear receptor coactivator 4","7"
"228869","Ncoa5","NA","nuclear receptor coactivator 5","3"
"56406","Ncoa6","NA","nuclear receptor coactivator 6","1"
"211329","Ncoa7","NA","nuclear receptor coactivator 7","11"
"20185","Ncor1","NA","nuclear receptor co-repressor 1","9"
"20602","Ncor2","NA","nuclear receptor co-repressor 2","8"
"18012","Neurod1","NA","neurogenic differentiation 1","2"
"18013","Neurod2","NA","neurogenic differentiation 2","2"
"11923","Neurod4","NA","neurogenic differentiation 4","2"
"11922","Neurod6","NA","neurogenic differentiation 6","3"
"18014","Neurog1","NA","neurogenin 1","1"
"11924","Neurog2","NA","neurogenin 2","2"
"11925","Neurog3","NA","neurogenin 3","1"
"54446","Nfat5","NA","nuclear factor of activated T-cells 5","3"
"18018","Nfatc1","NA","nuclear factor of activated T-cells, cytoplasmic, calcineurin-dependent 1","3"
"18021","Nfatc3","NA","nuclear factor of activated T-cells, cytoplasmic, calcineurin-dependent 3","4"
"73181","Nfatc4","NA","nuclear factor of activated T-cells, cytoplasmic, calcineurin-dependent 4","4"
"18022","Nfe2","NA","nuclear factor, erythroid derived 2","10"
"18023","Nfe2l1","NA","nuclear factor, erythroid derived 2, -like 1","7"
"18025","Nfe2l3","NA","nuclear factor, erythroid derived 2, like 3","3"
"18027","Nfia","NA","nuclear factor I","21"
"18028","Nfib","NA","nuclear factor I","14"
"18032","Nfix","NA","nuclear factor I","15"
"18034","Nfkb2","NA","nuclear factor of kappa light polypeptide gene enhancer in B-cells 2, p49","11"
"18035","Nfkbia","NA","nuclear factor of kappa light polypeptide gene enhancer in B-cells inhibitor, alpha","1"
"18036","Nfkbib","NA","nuclear factor of kappa light polypeptide gene enhancer in B-cells inhibitor, beta","5"
"243910","Nfkbid","NA","nuclear factor of kappa light polypeptide gene enhancer in B-cells inhibitor, delta","17"
"18037","Nfkbie","NA","nuclear factor of kappa light polypeptide gene enhancer in B-cells inhibitor, epsilon","2"
"18038","Nfkbil1","NA","nuclear factor of kappa light polypeptide gene enhancer in B-cells inhibitor-like 1","1"
"80859","Nfkbiz","NA","nuclear factor of kappa light polypeptide gene enhancer in B-cells inhibitor, zeta","8"
"235134","Nfrkb","NA","nuclear factor related to kappa B binding protein","1"
"74164","Nfx1","NA","nuclear transcription factor, X-box binding 1","1"
"100978","Nfxl1","NA","nuclear transcription factor, X-box binding-like 1","1"
"18045","Nfyb","NA","nuclear transcription factor-Y beta","5"
"18046","Nfyc","NA","nuclear transcription factor-Y gamma","3"
"18072","Nhlh2","NA","nescient helix loop helix 2","2"
"77286","Nkrf","NA","NF-kappaB repressing factor","3"
"21869","Nkx2-1","NA","NK2 homeobox 1","9"
"18088","Nkx2-2","NA","NK2 transcription factor related, locus 2 (Drosophila)","3"
"18089","Nkx2-3","NA","NK2 transcription factor related, locus 3 (Drosophila)","2"
"228731","Nkx2-4","NA","NK2 transcription factor related, locus 4 (Drosophila)","1"
"18091","Nkx2-5","NA","NK2 transcription factor related, locus 5 (Drosophila)","4"
"18092","Nkx2-6","NA","NK2 transcription factor related, locus 6 (Drosophila)","3"
"18094","Nkx2-9","NA","NK2 transcription factor related, locus 9 (Drosophila)","2"
"18096","Nkx6-1","NA","NK6 homeobox 1","2"
"14912","Nkx6-2","NA","NK6 homeobox 2","1"
"57753","Noc3l","NA","nucleolar complex associated 3 homolog (S. cerevisiae)","1"
"100608","Noc4l","NA","nucleolar complex associated 4 homolog (S. cerevisiae)","1"
"53610","Nono","NA","non-POU-domain-containing, octamer binding protein","1"
"18142","Npas1","NA","neuronal PAS domain protein 1","1"
"18143","Npas2","NA","neuronal PAS domain protein 2","1"
"27386","Npas3","NA","neuronal PAS domain protein 3","1"
"225872","Npas4","NA","neuronal PAS domain protein 4","1"
"11614","Nr0b1","NA","nuclear receptor subfamily 0, group B, member 1","2"
"23957","Nr0b2","NA","nuclear receptor subfamily 0, group B, member 2","1"
"217166","Nr1d1","NA","nuclear receptor subfamily 1, group D, member 1","10"
"353187","Nr1d2","NA","nuclear receptor subfamily 1, group D, member 2","2"
"22260","Nr1h2","NA","nuclear receptor subfamily 1, group H, member 2","1"
"22259","Nr1h3","NA","nuclear receptor subfamily 1, group H, member 3","3"
"20186","Nr1h4","NA","nuclear receptor subfamily 1, group H, member 4","4"
"381463","Nr1h5","NA","nuclear receptor subfamily 1, group H, member 5","1"
"18171","Nr1i2","NA","nuclear receptor subfamily 1, group I, member 2","2"
"12355","Nr1i3","NA","nuclear receptor subfamily 1, group I, member 3","2"
"22025","Nr2c1","NA","nuclear receptor subfamily 2, group C, member 1","2"
"22026","Nr2c2","NA","nuclear receptor subfamily 2, group C, member 2","8"
"21907","Nr2e1","NA","nuclear receptor subfamily 2, group E, member 1","4"
"11819","Nr2f2","NA","nuclear receptor subfamily 2, group F, member 2","6"
"13864","Nr2f6","NA","nuclear receptor subfamily 2, group F, member 6","4"
"110784","Nr3c2","NA","nuclear receptor subfamily 3, group C, member 2","4"
"15370","Nr4a1","NA","nuclear receptor subfamily 4, group A, member 1","1"
"18124","Nr4a3","NA","nuclear receptor subfamily 4, group A, member 3","16"
"26423","Nr5a1","NA","nuclear receptor subfamily 5, group A, member 1","2"
"26424","Nr5a2","NA","nuclear receptor subfamily 5, group A, member 2","11"
"14536","Nr6a1","NA","nuclear receptor subfamily 6, group A, member 1","1"
"18181","Nrf1","NA","nuclear respiratory factor 1","2"
"18185","Nrl","NA","neural retina leucine zipper gene","6"
"50914","Olig1","NA","oligodendrocyte transcription factor 1","3"
"50913","Olig2","NA","oligodendrocyte transcription factor 2","3"
"94222","Olig3","NA","oligodendrocyte transcription factor 3","2"
"15379","Onecut1","NA","one cut domain, family member 1","5"
"225631","Onecut2","NA","one cut domain, family member 2","3"
"246086","Onecut3","NA","one cut domain, family member 3","1"
"23967","Osr1","NA","odd-skipped related 1 (Drosophila)","4"
"107587","Osr2","NA","odd-skipped related 2 (Drosophila)","2"
"18420","Otp","NA","orthopedia homolog (Drosophila)","3"
"18423","Otx1","NA","orthodenticle homolog 1 (Drosophila)","2"
"18424","Otx2","NA","orthodenticle homolog 2 (Drosophila)","4"
"18426","Ovol1","NA","OVO homolog-like 1 (Drosophila)","2"
"107586","Ovol2","NA","ovo-like 2 (Drosophila)","3"
"11545","Parp1","NA","poly (ADP-ribose) polymerase family, member 1","2"
"243771","Parp12","NA","poly (ADP-ribose) polymerase family, member 12","3"
"56218","Patz1","NA","POZ (BTB) and AT hook containing zinc finger 1","5"
"114774","Pawr","NA","PRKC, apoptosis, WT1, regulator","5"
"18503","Pax1","NA","paired box gene 1","4"
"18505","Pax3","NA","paired box gene 3","2"
"18509","Pax7","NA","paired box gene 7","2"
"18510","Pax8","NA","paired box gene 8","4"
"18511","Pax9","NA","paired box gene 9","2"
"66923","Pbrm1","NA","polybromo 1","3"
"18515","Pbx2","NA","pre B-cell leukemia transcription factor 2","3"
"18516","Pbx3","NA","pre B-cell leukemia transcription factor 3","4"
"80720","Pbx4","NA","pre-B-cell leukemia homeobox 4","5"
"23983","Pcbp1","NA","poly(rC) binding protein 1","3"
"18521","Pcbp2","NA","poly(rC) binding protein 2","3"
"59093","Pcbp3","NA","poly(rC) binding protein 3","3"
"59092","Pcbp4","NA","poly(rC) binding protein 4","9"
"71041","Pcgf6","NA","polycomb group ring finger 6","1"
"18609","Pdx1","NA","pancreatic and duodenal homeobox 1","3"
"18616","Peg3","NA","paternally expressed 3","1"
"18667","Pgr","NA","progesterone receptor","5"
"18673","Phb","NA","prohibitin","1"
"12034","Phb2","NA","prohibitin 2","1"
"228829","Phf20","NA","PHD finger protein 20","1"
"68479","Phf5a","NA","PHD finger protein 5A","1"
"11859","Phox2a","NA","paired-like homeobox 2a","1"
"18935","Phox2b","NA","paired-like homeobox 2b","7"
"18685","Phtf1","NA","putative homeodomain transcription factor 1","2"
"68770","Phtf2","NA","putative homeodomain transcription factor 2","4"
"18740","Pitx1","NA","paired-like homeodomain transcription factor 1","5"
"18741","Pitx2","NA","paired-like homeodomain transcription factor 2","9"
"18742","Pitx3","NA","paired-like homeodomain transcription factor 3","2"
"18771","Pknox1","NA","Pbx","2"
"208076","Pknox2","NA","Pbx","1"
"22634","Plagl1","NA","pleiomorphic adenoma gene-like 1","4"
"54711","Plagl2","NA","pleiomorphic adenoma gene-like 2","5"
"56193","Plek","NA","pleckstrin","2"
"229584","Pogz","NA","pogo transposable element with ZNF domain","6"
"18736","Pou1f1","NA","POU domain, class 1, transcription factor 1","3"
"18985","Pou2af1","NA","POU domain, class 2, associating factor 1","2"
"18986","Pou2f1","NA","POU domain, class 2, transcription factor 1","3"
"18987","Pou2f2","NA","POU domain, class 2, transcription factor 2","2"
"18988","Pou2f3","NA","POU domain, class 2, transcription factor 3","1"
"18991","Pou3f1","NA","POU domain, class 3, transcription factor 1","1"
"18992","Pou3f2","NA","POU domain, class 3, transcription factor 2","3"
"18993","Pou3f3","NA","POU domain, class 3, transcription factor 3","3"
"18994","Pou3f4","NA","POU domain, class 3, transcription factor 4","4"
"18996","Pou4f1","NA","POU domain, class 4, transcription factor 1","1"
"18997","Pou4f2","NA","POU domain, class 4, transcription factor 2","1"
"18998","Pou4f3","NA","POU domain, class 4, transcription factor 3","3"
"75507","Pou5f2","NA","POU domain class 5, transcription factor 2","3"
"19009","Pou6f1","NA","POU domain, class 6, transcription factor 1","3"
"19013","Ppara","NA","peroxisome proliferator activated receptor alpha","8"
"19015","Ppard","NA","peroxisome proliferator activator receptor delta","5"
"333654","Ppp1r13l","NA","protein phosphatase 1, regulatory (inhibitor) subunit 13 like","4"
"12142","Prdm1","NA","PR domain containing 1, with ZNF domain","5"
"382066","Prdm10","NA","PR domain containing 10","1"
"100042784","Prdm11","NA","PR domain containing 11","3"
"381359","Prdm12","NA","PR domain containing 12","1"
"230025","Prdm13","NA","PR domain containing 13","1"
"114604","Prdm15","NA","PR domain containing 15","2"
"70673","Prdm16","NA","PR domain containing 16","10"
"110593","Prdm2","NA","PR domain containing 2, with ZNF domain","2"
"72843","Prdm4","NA","PR domain containing 4","3"
"70779","Prdm5","NA","PR domain containing 5","1"
"225518","Prdm6","NA","PR domain containing 6","1"
"77630","Prdm8","NA","PR domain containing 8","1"
"213389","Prdm9","NA","PR domain containing 9","2"
"50907","Preb","NA","prolactin regulatory element binding","4"
"72981","Prkrir","NA","protein-kinase, interferon-inducible double stranded RNA dependent inhibitor, repressor of (P58 repressor)","3"
"19127","Prop1","NA","paired like homeodomain factor 1","1"
"19130","Prox1","NA","prospero-related homeobox 1","3"
"73422","Prox2","NA","prospero homeobox 2","1"
"18933","Prrx1","NA","paired related homeobox 1","10"
"20204","Prrx2","NA","paired related homeobox 2","5"
"107751","Prrxl1","NA","paired related homeobox protein-like 1","2"
"66645","Pspc1","NA","paraspeckle protein 1","1"
"19213","Ptf1a","NA","pancreas specific transcription factor, 1a","1"
"19290","Pura","NA","purine rich element binding protein A","4"
"19291","Purb","NA","purine rich element binding protein B","2"
"75029","Purg","NA","purine-rich element binding protein G","1"
"19401","Rara","NA","retinoic acid receptor, alpha","14"
"218772","Rarb","NA","retinoic acid receptor, beta","7"
"19411","Rarg","NA","retinoic acid receptor, gamma","4"
"19434","Rax","NA","retina and anterior neural fold homeobox","3"
"57782","Rbak","NA","RB-associated KRAB repressor","2"
"66810","Rbm22","NA","RNA binding motif protein 22","2"
"19664","Rbpj","NA","recombination signal binding protein for immunoglobulin kappa J region","5"
"19668","Rbpjl","NA","recombination signal binding protein for immunoglobulin kappa J region-like","1"
"381305","Rc3h1","NA","RING CCCH (C3H) domains 1","2"
"319817","Rc3h2","NA","ring finger and CCCH-type zinc finger domains 2","2"
"217864","Rcor1","NA","REST corepressor 1","1"
"104383","Rcor2","NA","REST corepressor 2","2"
"214742","Rcor3","NA","REST corepressor 3","3"
"19698","Relb","NA","avian reticuloendotheliosis viral (v-rel) oncogene related B","3"
"68703","Rere","NA","arginine glutamic acid dipeptide (RE) repeats","5"
"19724","Rfx1","NA","regulatory factor X, 1 (influences HLA class II expression)","4"
"19725","Rfx2","NA","regulatory factor X, 2 (influences HLA class II expression)","2"
"19726","Rfx3","NA","regulatory factor X, 3 (influences HLA class II expression)","8"
"71137","Rfx4","NA","regulatory factor X, 4 (influences HLA class II expression)","7"
"53970","Rfx5","NA","regulatory factor X, 5 (influences HLA class II expression)","1"
"320995","Rfx6","NA","regulatory factor X, 6","1"
"319758","Rfx7","NA","regulatory factor X, 7","4"
"619289","Rfx8","NA","regulatory factor X 8","2"
"19727","Rfxank","NA","regulatory factor X-associated ankyrin-containing protein","5"
"170767","Rfxap","NA","regulatory factor X-associated protein","4"
"434769","Rhox10","NA","reproductive homeobox 10","1"
"382282","Rhox12","NA","reproductive homeobox 12","1"
"73614","Rhox13","NA","reproductive homeobox 13","1"
"19202","Rhox6","NA","reproductive homeobox 6","1"
"434768","Rhox8","NA","reproductive homeobox 8","1"
"109263","Rlf","NA","rearranged L-myc fusion sequence","1"
"19883","Rora","NA","RAR-related orphan receptor alpha","7"
"225998","Rorb","NA","RAR-related orphan receptor beta","6"
"19885","Rorc","NA","RAR-related orphan receptor gamma","7"
"380855","Rsl1","NA","regulator of sex limited protein 1","1"
"12395","Runx1t1","NA","runt-related transcription factor 1; translocated to, 1 (cyclin D-related)","12"
"12393","Runx2","NA","runt related transcription factor 2","12"
"12399","Runx3","NA","runt related transcription factor 3","3"
"20182","Rxrb","NA","retinoid X receptor beta","3"
"20183","Rxrg","NA","retinoid X receptor gamma","9"
"58198","Sall1","NA","sal-like 1 (Drosophila)","1"
"50524","Sall2","NA","sal-like 2 (Drosophila)","8"
"20689","Sall3","NA","sal-like 3 (Drosophila)","1"
"99377","Sall4","NA","sal-like 4 (Drosophila)","2"
"20230","Satb1","NA","special AT-rich sequence binding protein 1","22"
"212712","Satb2","NA","special AT-rich sequence binding protein 2","11"
"244891","Scaper","NA","S phase cyclin A-associated protein in the ER","2"
"170729","Scrt1","NA","scratch homolog 1, zinc finger protein (Drosophila)","7"
"545474","Scrt2","NA","scratch homolog 2, zinc finger protein (Drosophila)","7"
"20289","Scx","NA","scleraxis","1"
"18292","Sebox","NA","SEBOX homeobox","1"
"240427","Setbp1","NA","SET binding protein 1","4"
"20375","Sfpi1","NA","SFFV proviral integration 1","7"
"71514","Sfpq","NA","splicing factor proline","7"
"20429","Shox2","NA","short stature homeobox 2","4"
"20464","Sim1","NA","single-minded homolog 1 (Drosophila)","1"
"20465","Sim2","NA","single-minded homolog 2 (Drosophila)","2"
"20471","Six1","NA","sine oculis-related homeobox 1 homolog (Drosophila)","4"
"20472","Six2","NA","sine oculis-related homeobox 2 homolog (Drosophila)","2"
"20473","Six3","NA","sine oculis-related homeobox 3 homolog (Drosophila)","11"
"20474","Six4","NA","sine oculis-related homeobox 4 homolog (Drosophila)","1"
"20475","Six5","NA","sine oculis-related homeobox 5 homolog (Drosophila)","1"
"20476","Six6","NA","sine oculis-related homeobox 6 homolog (Drosophila)","3"
"20481","Ski","NA","ski sarcoma viral oncogene homolog (avian)","1"
"20482","Skil","NA","SKI-like","6"
"207667","Skor1","NA","SKI family transcriptional corepressor 1","1"
"664805","Skor2","NA","SKI family transcriptional corepressor 2","2"
"109108","Slc30a9","NA","solute carrier family 30 (zinc transporter), member 9","3"
"17125","Smad1","NA","MAD homolog 1 (Drosophila)","6"
"17126","Smad2","NA","MAD homolog 2 (Drosophila)","6"
"17127","Smad3","NA","MAD homolog 3 (Drosophila)","7"
"17128","Smad4","NA","MAD homolog 4 (Drosophila)","1"
"17129","Smad5","NA","MAD homolog 5 (Drosophila)","4"
"17130","Smad6","NA","MAD homolog 6 (Drosophila)","10"
"17131","Smad7","NA","MAD homolog 7 (Drosophila)","4"
"55994","Smad9","NA","MAD homolog 9 (Drosophila)","3"
"93761","Smarca1","NA","SWI","4"
"67155","Smarca2","NA","SWI","9"
"20586","Smarca4","NA","SWI","6"
"93762","Smarca5","NA","SWI","1"
"13990","Smarcad1","NA","SWI","3"
"54380","Smarcal1","NA","SWI","1"
"20587","Smarcb1","NA","SWI","3"
"20588","Smarcc1","NA","SWI","2"
"68094","Smarcc2","NA","SWI","5"
"83797","Smarcd1","NA","SWI","3"
"83796","Smarcd2","NA","SWI","5"
"66993","Smarcd3","NA","SWI","11"
"57376","Smarce1","NA","SWI","5"
"20613","Snai1","NA","snail homolog 1 (Drosophila)","1"
"20583","Snai2","NA","snail homolog 2 (Drosophila)","4"
"30927","Snai3","NA","snail homolog 3 (Drosophila)","1"
"227644","Snapc4","NA","small nuclear RNA activating complex, polypeptide 4","1"
"227631","Sohlh1","NA","spermatogenesis and oogenesis specific basic helix-loop-helix 1","2"
"74434","Sohlh2","NA","spermatogenesis and oogenesis specific basic helix-loop-helix 2","1"
"20664","Sox1","NA","SRY-box containing gene 1","8"
"20665","Sox10","NA","SRY-box containing gene 10","1"
"20666","Sox11","NA","SRY-box containing gene 11","3"
"20667","Sox12","NA","SRY-box containing gene 12","8"
"20668","Sox13","NA","SRY-box containing gene 13","2"
"20669","Sox14","NA","SRY-box containing gene 14","2"
"20670","Sox15","NA","SRY-box containing gene 15","2"
"20672","Sox18","NA","SRY-box containing gene 18","1"
"223227","Sox21","NA","SRY-box containing gene 21","4"
"20675","Sox3","NA","SRY-box containing gene 3","1"
"214105","Sox30","NA","SRY-box containing gene 30","3"
"20677","Sox4","NA","SRY-box containing gene 4","9"
"20679","Sox6","NA","SRY-box containing gene 6","12"
"20680","Sox7","NA","SRY-box containing gene 7","1"
"20681","Sox8","NA","SRY-box containing gene 8","1"
"20684","Sp100","NA","nuclear antigen Sp100","4"
"109032","Sp110","NA","Sp110 nuclear body protein","1"
"434484","Sp140","NA","Sp140 nuclear body protein","5"
"78912","Sp2","NA","Sp2 transcription factor","2"
"20687","Sp3","NA","trans-acting transcription factor 3","5"
"20688","Sp4","NA","trans-acting transcription factor 4","4"
"64406","Sp5","NA","trans-acting transcription factor 5","1"
"83395","Sp6","NA","trans-acting transcription factor 6","2"
"170574","Sp7","NA","Sp7 transcription factor 7","4"
"320145","Sp8","NA","trans-acting transcription factor 8","3"
"381373","Sp9","NA","trans-acting transcription factor 9","2"
"30051","Spdef","NA","SAM pointed domain containing ets transcription factor","2"
"20728","Spic","NA","Spi-C transcription factor (Spi-1","1"
"20787","Srebf1","NA","sterol regulatory element binding transcription factor 1","4"
"20788","Srebf2","NA","sterol regulatory element binding factor 2","3"
"20833","Ssrp1","NA","structure specific recognition protein 1","4"
"240690","St18","NA","suppression of tumorigenicity 18","5"
"20847","Stat2","NA","signal transducer and activator of transcription 2","2"
"20849","Stat4","NA","signal transducer and activator of transcription 4","7"
"20850","Stat5a","NA","signal transducer and activator of transcription 5A","8"
"20851","Stat5b","NA","signal transducer and activator of transcription 5B","5"
"20852","Stat6","NA","signal transducer and activator of transcription 6","5"
"217031","Tada2a","NA","transcriptional adaptor 2A","2"
"231151","Tada2b","NA","transcriptional adaptor 2B","1"
"270627","Taf1","NA","TAF1 RNA polymerase II, TATA box binding protein (TBP)-associated factor","2"
"21350","Tal2","NA","T-cell acute lymphocytic leukemia 2","1"
"52440","Tax1bp1","NA","Tax1 (human T-cell leukemia virus type I) binding protein 1","5"
"76281","Tax1bp3","NA","Tax1 (human T-cell leukemia virus type I) binding protein 3","2"
"237336","Tbpl1","NA","TATA box binding protein-like 1","7"
"21375","Tbr1","NA","T-box brain gene 1","4"
"21380","Tbx1","NA","T-box 1","3"
"21384","Tbx15","NA","T-box 15","7"
"76365","Tbx18","NA","T-box18","4"
"83993","Tbx19","NA","T-box 19","3"
"21385","Tbx2","NA","T-box 2","5"
"57246","Tbx20","NA","T-box 20","1"
"57765","Tbx21","NA","T-box 21","1"
"245572","Tbx22","NA","T-box 22","1"
"21386","Tbx3","NA","T-box 3","12"
"21387","Tbx4","NA","T-box 4","4"
"21388","Tbx5","NA","T-box 5","5"
"21406","Tcf12","NA","transcription factor 12","6"
"21407","Tcf15","NA","transcription factor 15","1"
"106795","Tcf19","NA","transcription factor 19","1"
"21411","Tcf20","NA","transcription factor 20","1"
"21412","Tcf21","NA","transcription factor 21","1"
"69852","Tcf23","NA","transcription factor 23","3"
"66855","Tcf25","NA","transcription factor 25 (basic helix-loop-helix)","5"
"21413","Tcf4","NA","transcription factor 4","25"
"21414","Tcf7","NA","transcription factor 7, T-cell specific","12"
"21415","Tcf7l1","NA","transcription factor 7-like 1 (T-cell specific, HMG box)","4"
"21416","Tcf7l2","NA","transcription factor 7-like 2, T-cell specific, HMG-box","41"
"277353","Tcfl5","NA","transcription factor-like 5 (basic helix-loop-helix)","6"
"21677","Tead2","NA","TEA domain family member 2","2"
"21678","Tead3","NA","TEA domain family member 3","2"
"21679","Tead4","NA","TEA domain family member 4","5"
"21685","Tef","NA","thyrotroph embryonic factor","6"
"21749","Terf1","NA","telomeric repeat binding factor 1","2"
"21750","Terf2","NA","telomeric repeat binding factor 2","2"
"52463","Tet1","NA","tet oncogene 1","5"
"214133","Tet2","NA","tet oncogene family member 2","4"
"194388","Tet3","NA","tet oncogene family member 3","3"
"21780","Tfam","NA","transcription factor A, mitochondrial","4"
"21419","Tfap2b","NA","transcription factor AP-2 beta","11"
"21420","Tfap2c","NA","transcription factor AP-2, gamma","4"
"226896","Tfap2d","NA","transcription factor AP-2, delta","1"
"332937","Tfap2e","NA","transcription factor AP-2, epsilon","1"
"83383","Tfap4","NA","transcription factor AP4","3"
"224481","Tfb1m","NA","transcription factor B1, mitochondrial","4"
"15278","Tfb2m","NA","transcription factor B2, mitochondrial","2"
"21422","Tfcp2","NA","transcription factor CP2","2"
"81879","Tfcp2l1","NA","transcription factor CP2-like 1","2"
"21781","Tfdp1","NA","transcription factor Dp 1","3"
"211586","Tfdp2","NA","transcription factor Dp 2","10"
"209446","Tfe3","NA","transcription factor E3","6"
"21425","Tfeb","NA","transcription factor EB","6"
"21426","Tfec","NA","transcription factor EC","4"
"21815","Tgif1","NA","TGFB-induced factor homeobox 1","11"
"228839","Tgif2","NA","TGFB-induced factor homeobox 2","6"
"73754","Thap1","NA","THAP domain containing, apoptosis associated protein 1","1"
"59016","Thap11","NA","THAP domain containing 11","1"
"66816","Thap2","NA","THAP domain containing, apoptosis associated protein 2","6"
"69876","Thap3","NA","THAP domain containing, apoptosis associated protein 3","2"
"67026","Thap4","NA","THAP domain containing 4","4"
"381650","Thap6","NA","THAP domain containing 6","4"
"69009","Thap7","NA","THAP domain containing 7","3"
"75629","Thap8","NA","THAP domain containing 8","1"
"21833","Thra","NA","thyroid hormone receptor alpha","10"
"21834","Thrb","NA","thyroid hormone receptor beta","7"
"21908","Tlx1","NA","T-cell leukemia, homeobox 1","2"
"21909","Tlx2","NA","T-cell leukemia, homeobox 2","1"
"27140","Tlx3","NA","T-cell leukemia, homeobox 3","4"
"68276","Toe1","NA","target of EGR1, member 1 (nuclear)","2"
"106021","Topors","NA","topoisomerase I binding, arginine","1"
"252838","Tox","NA","thymocyte selection-associated high mobility group box","6"
"269389","Tox2","NA","TOX high mobility group box family member 2","7"
"244579","Tox3","NA","TOX high mobility group box family member 3","2"
"268741","Tox4","NA","TOX high mobility group box family member 4","2"
"224829","Trerf1","NA","transcriptional regulating factor 1","1"
"22059","Trp53","NA","transformation related protein 53","3"
"22061","Trp63","NA","transformation related protein 63","4"
"22062","Trp73","NA","transformation related protein 73","1"
"83925","Trps1","NA","trichorhinophalangeal syndrome I (human)","15"
"21807","Tsc22d1","NA","TSC22 domain family, member 1","12"
"72033","Tsc22d2","NA","TSC22 domain family, member 2","1"
"14605","Tsc22d3","NA","TSC22 domain family, member 3","11"
"78829","Tsc22d4","NA","TSC22 domain family, member 4","17"
"110796","Tshz1","NA","teashirt zinc finger family member 1","5"
"228911","Tshz2","NA","teashirt zinc finger family member 2","8"
"243931","Tshz3","NA","teashirt zinc finger family member 3","2"
"22130","Ttf1","NA","transcription termination factor, RNA polymerase I","1"
"74044","Ttf2","NA","transcription termination factor, RNA polymerase II","2"
"22141","Tub","NA","tubby candidate gene","2"
"22160","Twist1","NA","twist homolog 1 (Drosophila)","2"
"13345","Twist2","NA","twist homolog 2 (Drosophila)","3"
"22221","Ubp1","NA","upstream binding protein 1","4"
"21429","Ubtf","NA","upstream binding transcription factor, RNA polymerase I","12"
"22255","Uncx","NA","UNC homeobox","3"
"217331","Unk","NA","unkempt homolog (Drosophila)","1"
"74154","Unkl","NA","unkempt-like (Drosophila)","1"
"22282","Usf2","NA","upstream transcription factor 2","4"
"22286","Utf1","NA","undifferentiated embryonic cell transcription factor 1","5"
"22326","Vax1","NA","ventral anterior homeobox containing gene 1","2"
"24113","Vax2","NA","ventral anterior homeobox containing gene 2","1"
"22344","Vezf1","NA","vascular endothelial zinc finger 1","5"
"114889","Vsx1","NA","visual system homeobox 1 homolog (zebrafish)","1"
"12677","Vsx2","NA","visual system homeobox 2","1"
"218973","Wdhd1","NA","WD repeat and HMG-box DNA binding protein 1","3"
"107823","Whsc1","NA","Wolf-Hirschhorn syndrome candidate 1 (human)","3"
"22404","Wiz","NA","widely-interspaced zinc finger motifs","5"
"22431","Wt1","NA","Wilms tumor 1 homolog","14"
"22433","Xbp1","NA","X-box binding protein 1","3"
"22608","Ybx1","NA","Y box protein 1","4"
"53422","Ybx2","NA","Y box protein 2","13"
"208146","Yeats2","NA","YEATS domain containing 2","1"
"64050","Yeats4","NA","YEATS domain containing 4","2"
"22632","Yy1","NA","YY1 transcription factor","5"
"100073351","Yy2","NA","Yy2 transcription factor","1"
"72114","Zbed3","NA","zinc finger, BED domain containing 3","6"
"223773","Zbed4","NA","zinc finger, BED domain containing 4","1"
"667118","Zbed6","NA","zinc finger, BED domain containing 6","3"
"58203","Zbp1","NA","Z-DNA binding protein 1","2"
"268564","Zbtb1","NA","zinc finger and BTB domain containing 1","3"
"229055","Zbtb10","NA","zinc finger and BTB domain containing 10","1"
"271377","Zbtb11","NA","zinc finger and BTB domain containing 11","8"
"193736","Zbtb12","NA","zinc finger and BTB domain containing 12","4"
"235320","Zbtb16","NA","zinc finger and BTB domain containing 16","5"
"22642","Zbtb17","NA","zinc finger and BTB domain containing 17","1"
"381990","Zbtb2","NA","zinc finger and BTB domain containing 2","3"
"56490","Zbtb20","NA","zinc finger and BTB domain containing 20","29"
"81630","Zbtb22","NA","zinc finger and BTB domain containing 22","1"
"268294","Zbtb24","NA","zinc finger and BTB domain containing 24","1"
"109929","Zbtb25","NA","zinc finger and BTB domain containing 25","8"
"320633","Zbtb26","NA","zinc finger and BTB domain containing 26","1"
"75291","Zbtb3","NA","zinc finger and BTB domain containing 3","1"
"58206","Zbtb32","NA","zinc finger and BTB domain containing 32","5"
"56805","Zbtb33","NA","zinc finger and BTB domain containing 33","3"
"240869","Zbtb37","NA","zinc finger and BTB domain containing 37","1"
"245007","Zbtb38","NA","zinc finger and BTB domain containing 38","12"
"320080","Zbtb39","NA","zinc finger and BTB domain containing 39","2"
"75580","Zbtb4","NA","zinc finger and BTB domain containing 4","2"
"230848","Zbtb40","NA","zinc finger and BTB domain containing 40","1"
"226470","Zbtb41","NA","zinc finger and BTB domain containing 41 homolog","1"
"382639","Zbtb42","NA","zinc finger and BTB domain containing 42","6"
"71834","Zbtb43","NA","zinc finger and BTB domain containing 43","1"
"235132","Zbtb44","NA","zinc finger and BTB domain containing 44","4"
"232879","Zbtb45","NA","zinc finger and BTB domain containing 45","1"
"72147","Zbtb46","NA","zinc finger and BTB domain containing 46","1"
"100090","Zbtb48","NA","zinc finger and BTB domain containing 48","2"
"75079","Zbtb49","NA","zinc finger and BTB domain containing 49","2"
"230119","Zbtb5","NA","zinc finger and BTB domain containing 5","3"
"241322","Zbtb6","NA","zinc finger and BTB domain containing 6","3"
"16969","Zbtb7a","NA","zinc finger and BTB domain containing 7a","7"
"22724","Zbtb7b","NA","zinc finger and BTB domain containing 7B","7"
"207259","Zbtb7c","NA","zinc finger and BTB domain containing 7C","4"
"73680","Zbtb8a","NA","zinc finger and BTB domain containing 8a","1"
"215627","Zbtb8b","NA","zinc finger and BTB domain containing 8b","1"
"474156","Zbtb9","NA","zinc finger and BTB domain containing 9","1"
"103284","Zc3h10","NA","zinc finger CCCH type containing 10","2"
"70579","Zc3h11a","NA","zinc finger CCCH type containing 11A","3"
"230738","Zc3h12a","NA","zinc finger CCCH type containing 12A","3"
"547176","Zc3h12b","NA","zinc finger CCCH-type containing 12B","2"
"67302","Zc3h13","NA","zinc finger CCCH type containing 13","3"
"75553","Zc3h14","NA","zinc finger CCCH type containing 14","3"
"69082","Zc3h15","NA","zinc finger CCCH-type containing 15","6"
"76014","Zc3h18","NA","zinc finger CCCH-type containing 18","3"
"223642","Zc3h3","NA","zinc finger CCCH type containing 3","2"
"330474","Zc3h4","NA","zinc finger CCCH-type containing 4","2"
"78751","Zc3h6","NA","zinc finger CCCH type containing 6","2"
"106205","Zc3h7a","NA","zinc finger CCCH type containing 7 A","4"
"20286","Zc3h7b","NA","zinc finger CCCH type containing 7B","5"
"57432","Zc3h8","NA","zinc finger CCCH type containing 8","2"
"230594","Zcchc11","NA","zinc finger, CCHC domain containing 11","5"
"214290","Zcchc6","NA","zinc finger, CCHC domain containing 6","6"
"24136","Zeb2","NA","zinc finger E-box binding homeobox 2","13"
"380993","Zfat","NA","zinc finger and AT hook domain containing","1"
"239102","Zfhx2","NA","zinc finger homeobox 2","2"
"11906","Zfhx3","NA","zinc finger homeobox 3","7"
"80892","Zfhx4","NA","zinc finger homeodomain 4","6"
"22640","Zfp1","NA","zinc finger protein 1","3"
"22646","Zfp105","NA","zinc finger protein 105","1"
"20402","Zfp106","NA","zinc finger protein 106","4"
"54678","Zfp108","NA","zinc finger protein 108","1"
"22648","Zfp11","NA","zinc finger protein 11","2"
"65020","Zfp110","NA","zinc finger protein 110","4"
"56707","Zfp111","NA","zinc finger protein 111","1"
"56314","Zfp113","NA","zinc finger protein 113","1"
"231866","Zfp12","NA","zinc finger protein 12","1"
"243833","Zfp128","NA","zinc finger protein 128","1"
"22654","Zfp13","NA","zinc finger protein 13","2"
"243906","Zfp14","NA","zinc finger protein 14","1"
"434178","Zfp141","NA","zinc finger protein 141","2"
"77264","Zfp142","NA","zinc finger protein 142","3"
"20841","Zfp143","NA","zinc finger protein 143","1"
"26465","Zfp146","NA","zinc finger protein 146","2"
"22661","Zfp148","NA","zinc finger protein 148","3"
"224585","Zfp160","NA","zinc finger protein 160","2"
"22666","Zfp161","NA","zinc finger protein 161","3"
"382118","Zfp167","NA","zinc finger protein 167","1"
"385674","Zfp174","NA","zinc finger protein 174","1"
"210135","Zfp180","NA","zinc finger protein 180","2"
"319535","Zfp182","NA","zinc finger protein 182","1"
"193452","Zfp184","NA","zinc finger protein 184 (Kruppel-like)","1"
"432731","Zfp187","NA","zinc finger protein 187","2"
"230162","Zfp189","NA","zinc finger protein 189","1"
"59057","Zfp191","NA","zinc finger protein 191","2"
"93681","Zfp192","NA","zinc finger protein 192","2"
"22678","Zfp2","NA","zinc finger protein 2","1"
"80902","Zfp202","NA","zinc finger protein 202","1"
"22680","Zfp207","NA","zinc finger protein 207","3"
"232784","Zfp212","NA","Zinc finger protein 212","1"
"449521","Zfp213","NA","zinc finger protein 213","1"
"228913","Zfp217","NA","zinc finger protein 217","2"
"69890","Zfp219","NA","zinc finger protein 219","10"
"56525","Zfp235","NA","zinc finger protein 235","2"
"329002","Zfp236","NA","zinc finger protein 236","1"
"30928","Zfp238","NA","zinc finger protein 238","10"
"22685","Zfp239","NA","zinc finger protein 239","2"
"72720","Zfp248","NA","zinc finger protein 248","1"
"71591","Zfp251","NA","zinc finger protein 251","2"
"22688","Zfp26","NA","zinc finger protein 26","1"
"26466","Zfp260","NA","zinc finger protein 260","1"
"74120","Zfp263","NA","zinc finger protein 263","4"
"22689","Zfp27","NA","zinc finger protein 27","2"
"212569","Zfp273","NA","zinc finger protein 273","1"
"27081","Zfp275","NA","zinc finger protein 275","3"
"57247","Zfp276","NA","zinc finger protein (C2H2 type) 276","2"
"246196","Zfp277","NA","zinc finger protein 277","1"
"22690","Zfp28","NA","zinc finger protein 28","1"
"64453","Zfp280b","NA","zinc finger protein 280B","2"
"208968","Zfp280c","NA","zinc finger protein 280C","3"
"235469","Zfp280d","NA","zinc finger protein 280D","4"
"226442","Zfp281","NA","zinc finger protein 281","3"
"101095","Zfp282","NA","zinc finger protein 282","4"
"192651","Zfp286","NA","zinc finger protein 286","2"
"170740","Zfp287","NA","zinc finger protein 287","1"
"30046","Zfp292","NA","zinc finger protein 292","1"
"114565","Zfp295","NA","zinc finger protein 295","1"
"63872","Zfp296","NA","zinc finger protein 296","1"
"193043","Zfp3","NA","zinc finger protein 3","1"
"22693","Zfp30","NA","zinc finger protein 30","1"
"244713","Zfp317","NA","zinc finger protein 317","4"
"57908","Zfp318","NA","zinc finger protein 318","4"
"79233","Zfp319","NA","zinc finger protein 319","2"
"218100","Zfp322a","NA","zinc finger protein 322A","2"
"243834","Zfp324","NA","zinc finger protein 324","1"
"54367","Zfp326","NA","zinc finger protein 326","1"
"67230","Zfp329","NA","zinc finger protein 329","2"
"228876","Zfp334","NA","zinc finger protein 334","2"
"329559","Zfp335","NA","zinc finger protein 335","2"
"228807","Zfp341","NA","zinc finger protein 341","1"
"26919","Zfp346","NA","zinc finger protein 346","2"
"21408","Zfp354a","NA","zinc finger protein 354A","1"
"27274","Zfp354b","NA","zinc finger protein 354B","1"
"30944","Zfp354c","NA","zinc finger protein 354C","2"
"140482","Zfp358","NA","zinc finger protein 358","1"
"230761","Zfp362","NA","zinc finger protein 362","5"
"216049","Zfp365","NA","zinc finger protein 365","5"
"238803","Zfp366","NA","zinc finger protein 366","2"
"238673","Zfp367","NA","zinc finger protein 367","6"
"170936","Zfp369","NA","zinc finger protein 369","3"
"12192","Zfp36l1","NA","zinc finger protein 36, C3H type-like 1","2"
"12193","Zfp36l2","NA","zinc finger protein 36, C3H type-like 2","4"
"22696","Zfp37","NA","zinc finger protein 37","7"
"233060","Zfp382","NA","zinc finger protein 382","1"
"269800","Zfp384","NA","zinc finger protein 384","5"
"29813","Zfp385a","NA","zinc finger protein 385A","4"
"241494","Zfp385b","NA","zinc finger protein 385B","14"
"278304","Zfp385c","NA","zinc finger protein 385C","2"
"56220","Zfp386","NA","zinc finger protein 386 (Kruppel-like)","1"
"22698","Zfp39","NA","zinc finger protein 39","4"
"380912","Zfp395","NA","zinc finger protein 395","6"
"69256","Zfp397","NA","zinc finger protein 397","3"
"272347","Zfp398","NA","zinc finger protein 398","5"
"240476","Zfp407","NA","zinc finger protein 407","3"
"381410","Zfp408","NA","zinc finger protein 408","3"
"22701","Zfp41","NA","zinc finger protein 41","2"
"52708","Zfp410","NA","zinc finger protein 410","3"
"328801","Zfp414","NA","zinc finger protein 414","3"
"232854","Zfp418","NA","zinc finger protein 418","1"
"22702","Zfp42","NA","zinc finger protein 42","5"
"233058","Zfp420","NA","zinc finger protein 420","1"
"67255","Zfp422","NA","zinc finger protein 422","2"
"235028","Zfp426","NA","zinc finger protein 426","2"
"232969","Zfp428","NA","zinc finger protein 428","9"
"72807","Zfp429","NA","zinc finger protein 429","1"
"240186","Zfp438","NA","zinc finger protein 438","3"
"72667","Zfp444","NA","zinc finger protein 444","2"
"235682","Zfp445","NA","zinc finger protein 445","3"
"269870","Zfp446","NA","zinc finger protein 446","4"
"78619","Zfp449","NA","zinc finger protein 449","1"
"98403","Zfp451","NA","zinc finger protein 451","5"
"237758","Zfp454","NA","zinc finger protein 454","1"
"218311","Zfp455","NA","zinc finger protein 455","1"
"408065","Zfp456","NA","zinc finger protein 456","1"
"238690","Zfp458","NA","zinc finger protein 458","1"
"22704","Zfp46","NA","zinc finger protein 46","6"
"242466","Zfp462","NA","zinc finger protein 462","5"
"68910","Zfp467","NA","zinc finger protein 467","4"
"66758","Zfp474","NA","zinc finger protein 474","1"
"382867","Zfp488","NA","zinc finger protein 488","2"
"666311","Zfp498","NA","zinc finger protein 498","1"
"218820","Zfp503","NA","zinc finger protein 503","5"
"668501","Zfp507","NA","zinc finger protein 507","1"
"22709","Zfp51","NA","zinc finger protein 51","1"
"69752","Zfp511","NA","zinc finger protein 511","1"
"269639","Zfp512","NA","zinc finger protein 512","3"
"101023","Zfp513","NA","zinc finger protein 513","1"
"329003","Zfp516","NA","zinc finger protein 516","6"
"72672","Zfp518a","NA","zinc finger protein 518A","1"
"100515","Zfp518b","NA","zinc finger protein 518B","1"
"225207","Zfp521","NA","zinc finger protein 521","5"
"224656","Zfp523","NA","zinc finger protein 523","2"
"66056","Zfp524","NA","zinc finger protein 524","1"
"210172","Zfp526","NA","zinc finger protein 526","1"
"24132","Zfp53","NA","zinc finger protein 53","3"
"328977","Zfp532","NA","zinc finger protein 532","5"
"243937","Zfp536","NA","zinc finger protein 536","9"
"233887","Zfp553","NA","zinc finger protein 553","2"
"72230","Zfp558","NA","zinc finger protein 558","2"
"434377","Zfp560","NA","zinc finger protein 560","1"
"240068","Zfp563","NA","zinc finger protein 563","1"
"72556","Zfp566","NA","zinc finger protein 566","2"
"22715","Zfp57","NA","zinc finger protein 57","6"
"232976","Zfp574","NA","zinc finger protein 574","2"
"101544","Zfp575","NA","zinc finger protein 575","1"
"68490","Zfp579","NA","zinc finger protein 579","7"
"238693","Zfp58","NA","zinc finger protein 58","2"
"68992","Zfp580","NA","zinc finger protein 580","6"
"213011","Zfp583","NA","zinc finger protein 583","1"
"22717","Zfp59","NA","zinc finger protein 59","1"
"233410","Zfp592","NA","zinc finger protein 592","4"
"68040","Zfp593","NA","zinc finger protein 593","5"
"218314","Zfp595","NA","zinc finger protein 595","3"
"71063","Zfp597","NA","zinc finger protein 597","6"
"213753","Zfp598","NA","zinc finger protein 598","2"
"22718","Zfp60","NA","zinc finger protein 60","4"
"675812","Zfp605","NA","zinc finger protein 605","3"
"67370","Zfp606","NA","zinc finger protein 606","2"
"545938","Zfp607","NA","zinc finger proten 607","1"
"269023","Zfp608","NA","zinc finger protein 608","8"
"214812","Zfp609","NA","zinc finger protein 609","3"
"234725","Zfp612","NA","zinc finger protein 612","2"
"72701","Zfp618","NA","zinc fingerprotein 618","2"
"70227","Zfp619","NA","zinc finger protein 619","2"
"22720","Zfp62","NA","zinc finger protein 62","3"
"52521","Zfp622","NA","zinc finger protein 622","6"
"78834","Zfp623","NA","zinc finger protein 623","2"
"232816","Zfp628","NA","zinc finger protein 628","3"
"320683","Zfp629","NA","zinc finger protein 629","2"
"232337","Zfp637","NA","zinc finger protein 637","2"
"67778","Zfp639","NA","zinc finger protein 639","2"
"22722","Zfp64","NA","zinc finger protein 64","4"
"239652","Zfp641","NA","zinc finger protein 641","1"
"52397","Zfp644","NA","zinc finger protein 644","9"
"233905","Zfp646","NA","zinc finger protein 646","5"
"239546","Zfp647","NA","zinc finger protein 647","2"
"270210","Zfp651","NA","zinc finger protein 651","2"
"268469","Zfp652","NA","zinc finger protein 652","3"
"319601","Zfp653","NA","zinc finger protein 653","1"
"72611","Zfp655","NA","zinc finger protein 655","2"
"210104","Zfp658","NA","zinc finger protein 658","3"
"72180","Zfp661","NA","zinc finger protein 661","1"
"269704","Zfp664","NA","zinc finger protein 664","2"
"384763","Zfp667","NA","zinc finger protein 667","2"
"244219","Zfp668","NA","zinc finger protein 668","5"
"319475","Zfp672","NA","zinc finger protein 672","3"
"210503","Zfp677","NA","zinc finger protein 677","1"
"24135","Zfp68","NA","zinc finger protein 68","4"
"78266","Zfp687","NA","zinc finger protein 687","2"
"69234","Zfp688","NA","zinc finger protein 688","2"
"71131","Zfp689","NA","zinc finger protein 689","2"
"381549","Zfp69","NA","zinc finger protein 69","1"
"195522","Zfp691","NA","zinc finger protein 691","2"
"242109","Zfp697","NA","zinc finger protein 697","2"
"223669","Zfp7","NA","zinc finger protein 7","2"
"353310","Zfp703","NA","zinc finger protein 703","2"
"170753","Zfp704","NA","zinc finger protein 704","4"
"68036","Zfp706","NA","zinc finger protein 706","5"
"69020","Zfp707","NA","zinc finger protein 707","3"
"432769","Zfp708","NA","zinc finger protein 708","2"
"236193","Zfp709","NA","zinc finger protein 709","2"
"235907","Zfp71-rs1","NA","zinc finger protein 71, related sequence","2"
"209225","Zfp710","NA","zinc finger protein 710","5"
"245595","Zfp711","NA","zinc finger protein 711","2"
"78251","Zfp712","NA","zinc finger protein 712","1"
"69930","Zfp715","NA","zinc finger protein 715","2"
"210105","Zfp719","NA","zinc finger protein 719","2"
"408068","Zfp738","NA","zinc finger protein 738","1"
"72723","Zfp74","NA","zinc finger protein 74","1"
"68744","Zfp740","NA","zinc finger protein 740","3"
"69228","Zfp746","NA","zinc finger protein 746","1"
"269997","Zfp747","NA","zinc finger protein 747","3"
"212276","Zfp748","NA","zinc finger protein 748","1"
"319530","Zfp750","NA","zinc finger protein 750","5"
"268670","Zfp759","NA","zinc finger protein 759","2"
"233893","Zfp764","NA","zinc finger protein 764","2"
"233890","Zfp768","NA","zinc finger protein 768","2"
"228491","Zfp770","NA","zinc finger protein 770","1"
"244216","Zfp771","NA","zinc finger protein 771","1"
"243372","Zfp775","NA","zinc finger protein 775","1"
"72306","Zfp777","NA","zinc finger protein 777","3"
"330463","Zfp78","NA","zinc finger protein 78","1"
"338354","Zfp780b","NA","zinc finger protein 780B","2"
"654801","Zfp784","NA","zinc finger protein 784","2"
"330301","Zfp786","NA","zinc finger protein 786","1"
"67109","Zfp787","NA","zinc finger protein 787","1"
"67607","Zfp788","NA","zinc finger protein 788","1"
"233056","Zfp790","NA","zinc finger protein 790","1"
"244556","Zfp791","NA","zinc finger protein 791","1"
"240064","Zfp799","NA","zinc finger protein 799","1"
"627049","Zfp800","NA","zinc finger protein 800","5"
"241514","Zfp804a","NA","zinc finger protein 804A","2"
"235050","Zfp810","NA","zinc finger protein 810","1"
"330502","Zfp82","NA","zinc finger protein 82","3"
"75871","Zfp821","NA","zinc finger protein 821","3"
"622675","Zfp827","NA","zinc finger protein 827","4"
"101994","Zfp828","NA","zinc finger protein 828","1"
"66983","Zfp830","NA","zinc finger protein 830","1"
"72805","Zfp839","NA","zinc finger protein 839","1"
"74352","Zfp84","NA","zinc finger protein 84","2"
"244721","Zfp846","NA","zinc finger protein 846","4"
"237775","Zfp867","NA","zinc finger protein 867","2"
"170763","Zfp87","NA","zinc finger protein 87","1"
"619310","Zfp872","NA","zinc finger protein 872","2"
"238692","Zfp874a","NA","zinc finger protein 874a","1"
"408067","Zfp874b","NA","zinc finger protein 874b","1"
"22750","Zfp9","NA","zinc finger protein 9","1"
"22751","Zfp90","NA","zinc finger protein 90","1"
"109910","Zfp91","NA","zinc finger protein 91","3"
"22754","Zfp92","NA","zinc finger protein 92","1"
"22756","Zfp94","NA","zinc finger protein 94","1"
"233057","Zfp940","NA","zinc finger protein 940","2"
"407812","Zfp941","NA","zinc finger protein 941","1"
"240041","Zfp945","NA","zinc finger protein 945","3"
"629016","Zfp953","NA","zinc finger protein 953","1"
"233987","Zfp958","NA","zinc finger protein 958","3"
"234413","Zfp961","NA","zinc finger protein 961","1"
"22761","Zfpm1","NA","zinc finger protein, multitype 1","3"
"22762","Zfpm2","NA","zinc finger protein, multitype 2","9"
"22768","Zfy2","NA","zinc finger protein 2, Y linked","1"
"211978","Zfyve26","NA","zinc finger, FYVE domain containing 26","1"
"229007","Zgpat","NA","zinc finger, CCCH-type with G patch domain","6"
"22770","Zhx1","NA","zinc fingers and homeoboxes 1","3"
"387609","Zhx2","NA","zinc fingers and homeoboxes 2","7"
"320799","Zhx3","NA","zinc fingers and homeoboxes 3","6"
"22771","Zic1","NA","zinc finger protein of the cerebellum 1","3"
"22772","Zic2","NA","zinc finger protein of the cerebellum 2","5"
"22773","Zic3","NA","zinc finger protein of the cerebellum 3","3"
"22774","Zic4","NA","zinc finger protein of the cerebellum 4","9"
"65100","Zic5","NA","zinc finger protein of the cerebellum 5","1"
"22775","Zik1","NA","zinc finger protein interacting with K protein 1","1"
"22776","Zim1","NA","zinc finger, imprinted 1","1"
"76637","Zim2","NA","zinc finger, imprinted 2","1"
"74570","Zkscan1","NA","zinc finger with KRAB and SCAN domains 1","2"
"67235","Zkscan14","NA","zinc finger with KRAB and SCAN domains 14","2"
"100041581","Zkscan16","NA","zinc finger with KRAB and SCAN domains 16","1"
"268417","Zkscan17","NA","zinc finger with KRAB and SCAN domains 17","5"
"210162","Zkscan2","NA","zinc finger with KRAB and SCAN domains 2","1"
"72739","Zkscan3","NA","zinc finger with KRAB and SCAN domains 3","1"
"22757","Zkscan5","NA","zinc finger with KRAB and SCAN domains 5","1"
"52712","Zkscan6","NA","zinc finger with KRAB and SCAN domains 6","1"
"215693","Zmat1","NA","zinc finger, matrin type 1","3"
"66492","Zmat2","NA","zinc finger, matrin type 2","2"
"22401","Zmat3","NA","zinc finger matrin type 3","4"
"320158","Zmat4","NA","zinc finger, matrin type 4","1"
"67178","Zmat5","NA","zinc finger, matrin type 5","2"
"269401","Znf512b","NA","zinc finger protein 512B","2"
"98999","Znfx1","NA","zinc finger, NFX1-type containing 1","7"
"22758","Zscan12","NA","zinc finger and SCAN domain containing 12","3"
"22691","Zscan2","NA","zinc finger and SCAN domain containing 2","2"
"22697","Zscan21","NA","zinc finger and SCAN domain containing 21","1"
"232878","Zscan22","NA","zinc finger and SCAN domain containing 22","1"
"99334","Zscan29","NA","zinc finger SCAN domains 29","2"
"328918","Zscan30","NA","zinc finger and SCAN domain containing 30","1"
"72580","Zufsp","NA","zinc finger with UFM1-specific peptidase domain","1"
"80292","Zxdc","NA","ZXD family zinc finger C","1"
"108946","Zzz3","NA","zinc finger, ZZ domain containing 3","5"